Timestamp,Flambeau (MW)
2015-02-01T06:00:00Z,undefined
2015-02-05T06:00:00Z,undefined
2015-02-09T06:00:00Z,undefined
2015-02-13T06:00:00Z,undefined
2015-02-17T06:00:00Z,undefined
2015-02-21T06:00:00Z,undefined
2015-02-25T06:00:00Z,undefined
2015-03-01T06:00:00Z,undefined
2015-03-05T06:00:00Z,undefined
2015-03-09T05:00:00Z,undefined
2015-03-13T05:00:00Z,undefined
2015-03-17T05:00:00Z,undefined
2015-03-21T05:00:00Z,undefined
2015-03-25T05:00:00Z,undefined
2015-03-29T05:00:00Z,undefined
2015-04-02T05:00:00Z,undefined
2015-04-06T05:00:00Z,undefined
2015-04-10T05:00:00Z,undefined
2015-04-14T05:00:00Z,undefined
2015-04-18T05:00:00Z,undefined
2015-04-22T05:00:00Z,undefined
2015-04-26T05:00:00Z,undefined
2015-04-30T05:00:00Z,undefined
2015-05-04T05:00:00Z,undefined
2015-05-08T05:00:00Z,undefined
2015-05-12T05:00:00Z,undefined
2015-05-16T05:00:00Z,undefined
2015-05-20T05:00:00Z,undefined
2015-05-24T05:00:00Z,undefined
2015-05-28T05:00:00Z,undefined
2015-06-01T05:00:00Z,undefined
2015-06-05T05:00:00Z,undefined
2015-06-09T05:00:00Z,undefined
2015-06-13T05:00:00Z,undefined
2015-06-17T05:00:00Z,undefined
2015-06-21T05:00:00Z,undefined
2015-06-25T05:00:00Z,undefined
2015-06-29T05:00:00Z,undefined
2015-07-03T05:00:00Z,undefined
2015-07-07T05:00:00Z,undefined
2015-07-11T05:00:00Z,undefined
2015-07-15T05:00:00Z,undefined
2015-07-19T05:00:00Z,undefined
2015-07-23T05:00:00Z,undefined
2015-07-27T05:00:00Z,undefined
2015-07-31T05:00:00Z,undefined
2015-08-04T05:00:00Z,undefined
2015-08-08T05:00:00Z,undefined
2015-08-12T05:00:00Z,undefined
2015-08-16T05:00:00Z,undefined
2015-08-20T05:00:00Z,undefined
2015-08-24T05:00:00Z,undefined
2015-08-28T05:00:00Z,undefined
2015-09-01T05:00:00Z,undefined
2015-09-05T05:00:00Z,undefined
2015-09-09T05:00:00Z,undefined
2015-09-13T05:00:00Z,undefined
2015-09-17T05:00:00Z,undefined
2015-09-21T05:00:00Z,undefined
2015-09-25T05:00:00Z,undefined
2015-09-29T05:00:00Z,undefined
2015-10-03T05:00:00Z,undefined
2015-10-07T05:00:00Z,undefined
2015-10-11T05:00:00Z,undefined
2015-10-15T05:00:00Z,undefined
2015-10-19T05:00:00Z,undefined
2015-10-23T05:00:00Z,undefined
2015-10-27T05:00:00Z,undefined
2015-10-31T05:00:00Z,undefined
2015-11-04T06:00:00Z,undefined
2015-11-08T06:00:00Z,undefined
2015-11-12T06:00:00Z,undefined
2015-11-16T06:00:00Z,undefined
2015-11-20T06:00:00Z,undefined
2015-11-24T06:00:00Z,undefined
2015-11-28T06:00:00Z,undefined
2015-12-02T06:00:00Z,undefined
2015-12-06T06:00:00Z,undefined
2015-12-10T06:00:00Z,undefined
2015-12-14T06:00:00Z,undefined
2015-12-18T06:00:00Z,undefined
2015-12-22T06:00:00Z,undefined
2015-12-26T06:00:00Z,undefined
2015-12-30T06:00:00Z,undefined
2016-01-03T06:00:00Z,6.810214
2016-01-07T06:00:00Z,8.851151
2016-01-11T06:00:00Z,6.35328627
2016-01-15T06:00:00Z,7.46946573
2016-01-19T06:00:00Z,7.50366545
2016-01-23T06:00:00Z,7.65529776
2016-01-27T06:00:00Z,7.44944572
2016-01-31T06:00:00Z,7.01638
2016-02-04T06:00:00Z,6.700167
2016-02-08T06:00:00Z,7.11783075
2016-02-12T06:00:00Z,6.38034534
2016-02-16T06:00:00Z,6.35946751
2016-02-20T06:00:00Z,6.95305443
2016-02-24T06:00:00Z,6.63812256
2016-02-28T06:00:00Z,6.870086
2016-03-03T06:00:00Z,6.61951876
2016-03-07T06:00:00Z,6.2012763
2016-03-11T06:00:00Z,18.2233372
2016-03-15T05:00:00Z,20.189867
2016-03-19T05:00:00Z,22.0750332
2016-03-23T05:00:00Z,18.02012
2016-03-27T05:00:00Z,12.3961859
2016-03-31T05:00:00Z,17.1361389
2016-04-04T05:00:00Z,14.732173
2016-04-08T05:00:00Z,14.0696144
2016-04-12T05:00:00Z,13.0636406
2016-04-16T05:00:00Z,12.3497715
2016-04-20T05:00:00Z,9.450626
2016-04-24T05:00:00Z,10.06159
2016-04-28T05:00:00Z,21.8537941
2016-05-02T05:00:00Z,15.1507082
2016-05-06T05:00:00Z,9.046436
2016-05-10T05:00:00Z,7.858801
2016-05-14T05:00:00Z,8.737417
2016-05-18T05:00:00Z,6.789957
2016-05-22T05:00:00Z,5.21179152
2016-05-26T05:00:00Z,6.146706
2016-05-30T05:00:00Z,20.3225269
2016-06-03T05:00:00Z,21.368824
2016-06-07T05:00:00Z,21.56916
2016-06-11T05:00:00Z,14.6674261
2016-06-15T05:00:00Z,20.2151718
2016-06-19T05:00:00Z,17.5699883
2016-06-23T05:00:00Z,13.3025827
2016-06-27T05:00:00Z,20.68853
2016-07-01T05:00:00Z,13.5599642
2016-07-05T05:00:00Z,9.088351
2016-07-09T05:00:00Z,9.10186
2016-07-13T05:00:00Z,11.0669765
2016-07-17T05:00:00Z,11.4849987
2016-07-21T05:00:00Z,7.59034252
2016-07-25T05:00:00Z,7.550347
2016-07-29T05:00:00Z,12.3846617
2016-08-02T05:00:00Z,6.99567366
2016-08-06T05:00:00Z,11.0271559
2016-08-10T05:00:00Z,6.58486366
2016-08-14T05:00:00Z,8.054511
2016-08-18T05:00:00Z,5.49157858
2016-08-22T05:00:00Z,13.0769186
2016-08-26T05:00:00Z,10.0832691
2016-08-30T05:00:00Z,6.796535
2016-09-03T05:00:00Z,7.477041
2016-09-07T05:00:00Z,21.11821
2016-09-11T05:00:00Z,13.5623312
2016-09-15T05:00:00Z,11.0532751
2016-09-19T05:00:00Z,9.41174
2016-09-23T05:00:00Z,21.6473351
2016-09-27T05:00:00Z,12.0275974
2016-10-01T05:00:00Z,11.3640528
2016-10-05T05:00:00Z,9.32916451
2016-10-09T05:00:00Z,13.0625458
2016-10-13T05:00:00Z,10.5899944
2016-10-17T05:00:00Z,9.524632
2016-10-21T05:00:00Z,17.1700268
2016-10-25T05:00:00Z,9.530116
2016-10-29T05:00:00Z,10.0594616
2016-11-02T05:00:00Z,8.433461
2016-11-06T05:00:00Z,7.101607
2016-11-10T06:00:00Z,6.564193
2016-11-14T06:00:00Z,5.66658354
2016-11-18T06:00:00Z,5.35028362
2016-11-22T06:00:00Z,5.871133
2016-11-26T06:00:00Z,6.00172234
2016-11-30T06:00:00Z,12.8713064
2016-12-04T06:00:00Z,9.995832
2016-12-08T06:00:00Z,7.0615654
2016-12-12T06:00:00Z,5.664792
2016-12-16T06:00:00Z,6.08235741
2016-12-20T06:00:00Z,6.839519
2016-12-24T06:00:00Z,7.205924
2016-12-28T06:00:00Z,7.969554
2017-01-01T06:00:00Z,7.430117
2017-01-05T06:00:00Z,7.91982937
2017-01-09T06:00:00Z,6.537992
2017-01-13T06:00:00Z,7.352822
2017-01-17T06:00:00Z,7.725372
2017-01-21T06:00:00Z,7.23149967
2017-01-25T06:00:00Z,9.043043
2017-01-29T06:00:00Z,9.29678
2017-02-02T06:00:00Z,7.99227858
2017-02-06T06:00:00Z,7.35017872
2017-02-10T06:00:00Z,7.04948425
2017-02-14T06:00:00Z,7.31032
2017-02-18T06:00:00Z,7.88205051
2017-02-22T06:00:00Z,21.4376945
2017-02-26T06:00:00Z,21.6052361
2017-03-02T06:00:00Z,15.54951
2017-03-06T06:00:00Z,12.2158537
2017-03-10T06:00:00Z,19.6714363
2017-03-14T05:00:00Z,10.0447989
2017-03-18T05:00:00Z,9.028594
2017-03-22T05:00:00Z,9.535765
2017-03-26T05:00:00Z,10.8371983
2017-03-30T05:00:00Z,12.1402025
2017-04-03T05:00:00Z,9.353953
2017-04-07T05:00:00Z,12.0144491
2017-04-11T05:00:00Z,16.0988789
2017-04-15T05:00:00Z,17.638092
2017-04-19T05:00:00Z,12.1148138
2017-04-23T05:00:00Z,17.6004848
2017-04-27T05:00:00Z,15.0743294
2017-05-01T05:00:00Z,18.6526489
2017-05-05T05:00:00Z,21.7058
2017-05-09T05:00:00Z,13.4549112
2017-05-13T05:00:00Z,10.314868
2017-05-17T05:00:00Z,17.6566563
2017-05-21T05:00:00Z,20.5678463
2017-05-25T05:00:00Z,21.7749
2017-05-29T05:00:00Z,19.1884212
2017-06-02T05:00:00Z,16.8676586
2017-06-06T05:00:00Z,13.5710917
2017-06-10T05:00:00Z,9.665796
2017-06-14T05:00:00Z,20.5650978
2017-06-18T05:00:00Z,13.60017
2017-06-22T05:00:00Z,13.6249132
2017-06-26T05:00:00Z,13.6181526
2017-06-30T05:00:00Z,13.624526
2017-07-04T05:00:00Z,10.67289
2017-07-08T05:00:00Z,11.2787256
2017-07-12T05:00:00Z,10.8306494
2017-07-16T05:00:00Z,7.61572361
2017-07-20T05:00:00Z,7.5125246
2017-07-24T05:00:00Z,5.80812454
2017-07-28T05:00:00Z,6.02464056
2017-08-01T05:00:00Z,4.825049
2017-08-05T05:00:00Z,7.998962
2017-08-09T05:00:00Z,5.63065958
2017-08-13T05:00:00Z,7.225565
2017-08-17T05:00:00Z,5.420007
2017-08-21T05:00:00Z,7.578405
2017-08-25T05:00:00Z,6.061754
2017-08-29T05:00:00Z,7.132526
2017-09-02T05:00:00Z,6.51481533
2017-09-06T05:00:00Z,7.062059
2017-09-10T05:00:00Z,8.005108
2017-09-14T05:00:00Z,6.894779
2017-09-18T05:00:00Z,5.417269
2017-09-22T05:00:00Z,6.384138
2017-09-26T05:00:00Z,11.5165939
2017-09-30T05:00:00Z,8.863924
2017-10-04T05:00:00Z,6.05428934
2017-10-08T05:00:00Z,13.1007814
2017-10-12T05:00:00Z,12.7830677
2017-10-16T05:00:00Z,7.95082855
2017-10-20T05:00:00Z,8.265448
2017-10-24T05:00:00Z,10.0700808
2017-10-28T05:00:00Z,9.830927
2017-11-01T05:00:00Z,10.6220045
2017-11-05T05:00:00Z,9.22837448
2017-11-09T06:00:00Z,8.572553
2017-11-13T06:00:00Z,10.0112448
2017-11-17T06:00:00Z,9.701845
2017-11-21T06:00:00Z,7.9467926
2017-11-25T06:00:00Z,9.084637
2017-11-29T06:00:00Z,8.792927
2017-12-03T06:00:00Z,7.01702642
2017-12-07T06:00:00Z,7.38499546
2017-12-11T06:00:00Z,6.50006437
2017-12-15T06:00:00Z,6.46956825
2017-12-19T06:00:00Z,7.83662748
2017-12-23T06:00:00Z,7.01575136
2017-12-27T06:00:00Z,5.22124672
2017-12-31T06:00:00Z,5.683456
2018-01-04T06:00:00Z,5.48672771
2018-01-08T06:00:00Z,5.32452536
2018-01-12T06:00:00Z,6.86859226
2018-01-16T06:00:00Z,6.32953024
2018-01-20T06:00:00Z,6.98002768
2018-01-24T06:00:00Z,6.185938
2018-01-28T06:00:00Z,6.90424633
2018-02-01T06:00:00Z,6.79898357
2018-02-05T06:00:00Z,5.10259247
2018-02-09T06:00:00Z,5.449405
2018-02-13T06:00:00Z,5.034078
2018-02-17T06:00:00Z,4.93093157
2018-02-21T06:00:00Z,4.85626
2018-02-25T06:00:00Z,5.19234562
2018-03-01T06:00:00Z,4.987707
2018-03-05T06:00:00Z,5.01516438
2018-03-09T06:00:00Z,5.098394
2018-03-13T05:00:00Z,5.34540272
2018-03-17T05:00:00Z,5.01598263
2018-03-21T05:00:00Z,5.295914
2018-03-25T05:00:00Z,3.30879021
2018-03-29T05:00:00Z,4.18869925
2018-04-02T05:00:00Z,6.1815753
2018-04-06T05:00:00Z,5.115703
2018-04-10T05:00:00Z,5.051726
2018-04-14T05:00:00Z,6.828097
2018-04-18T05:00:00Z,6.147262
2018-04-22T05:00:00Z,13.035059
2018-04-26T05:00:00Z,20.95704
2018-04-30T05:00:00Z,21.2590752
2018-05-04T05:00:00Z,21.582798
2018-05-08T05:00:00Z,12.5650473
2018-05-12T05:00:00Z,14.0476494
2018-05-16T05:00:00Z,11.1449232
2018-05-20T05:00:00Z,6.548272
2018-05-24T05:00:00Z,3.62609
2018-05-28T05:00:00Z,6.51008
2018-06-01T05:00:00Z,8.053624
2018-06-05T05:00:00Z,9.575979
2018-06-09T05:00:00Z,6.88951731
2018-06-13T05:00:00Z,5.974692
2018-06-17T05:00:00Z,20.288578
2018-06-21T05:00:00Z,20.6871071
2018-06-25T05:00:00Z,20.1118774
2018-06-29T05:00:00Z,11.28973
2018-07-03T05:00:00Z,13.4917631
2018-07-07T05:00:00Z,10.0659742
2018-07-11T05:00:00Z,7.2011714
2018-07-15T05:00:00Z,7.12055731
2018-07-19T05:00:00Z,6.39000034
2018-07-23T05:00:00Z,6.720589
2018-07-27T05:00:00Z,6.479856
2018-07-31T05:00:00Z,5.56204748
2018-08-04T05:00:00Z,5.482058
2018-08-08T05:00:00Z,8.295032
2018-08-12T05:00:00Z,6.227447
2018-08-16T05:00:00Z,4.58700943
2018-08-20T05:00:00Z,5.078427
2018-08-24T05:00:00Z,4.42796135
2018-08-28T05:00:00Z,7.987795
2018-09-01T05:00:00Z,8.026787
2018-09-05T05:00:00Z,13.4577169
2018-09-09T05:00:00Z,8.529748
2018-09-13T05:00:00Z,6.502596
2018-09-17T05:00:00Z,5.485003
2018-09-21T05:00:00Z,7.98890972
2018-09-25T05:00:00Z,14.2604713
2018-09-29T05:00:00Z,8.555272
2018-10-03T05:00:00Z,8.522818
2018-10-07T05:00:00Z,17.7180023
2018-10-11T05:00:00Z,21.2211628
2018-10-15T05:00:00Z,18.8334026
2018-10-19T05:00:00Z,20.0754871
2018-10-23T05:00:00Z,17.32343
2018-10-27T05:00:00Z,15.1260767
2018-10-31T05:00:00Z,12.1319742
2018-11-04T05:00:00Z,11.0198383
2018-11-08T06:00:00Z,18.697464
2018-11-12T06:00:00Z,13.5780239
2018-11-16T06:00:00Z,12.2387934
2018-11-20T06:00:00Z,9.014115
2018-11-24T06:00:00Z,10.548419
2018-11-28T06:00:00Z,8.100606
2018-12-02T06:00:00Z,9.042152
2018-12-06T06:00:00Z,8.430334
2018-12-10T06:00:00Z,7.79790926
2018-12-14T06:00:00Z,8.047707
2018-12-18T06:00:00Z,7.04221249
2018-12-22T06:00:00Z,7.56873274
2018-12-26T06:00:00Z,6.98882246
2018-12-30T06:00:00Z,8.1819315
2019-01-03T06:00:00Z,6.589148
2019-01-07T06:00:00Z,7.022858
2019-01-11T06:00:00Z,7.06860876
2019-01-15T06:00:00Z,6.683925
2019-01-19T06:00:00Z,5.079698
2019-01-23T06:00:00Z,5.597597
2019-01-27T06:00:00Z,5.250189
2019-01-31T06:00:00Z,5.043459
2019-02-04T06:00:00Z,5.18600464
2019-02-08T06:00:00Z,5.34781027
2019-02-12T06:00:00Z,4.07899046
2019-02-16T06:00:00Z,4.87650728
2019-02-20T06:00:00Z,4.78763676
2019-02-24T06:00:00Z,5.19156027
2019-02-28T06:00:00Z,4.993253
2019-03-04T06:00:00Z,5.772219
2019-03-08T06:00:00Z,5.50006151
2019-03-12T05:00:00Z,6.98824167
2019-03-16T05:00:00Z,7.94233
2019-03-20T05:00:00Z,11.1312008
2019-03-24T05:00:00Z,10.0367928
2019-03-28T05:00:00Z,12.916708
2019-04-01T05:00:00Z,19.6526527
2019-04-05T05:00:00Z,13.7098789
2019-04-09T05:00:00Z,20.9308
2019-04-13T05:00:00Z,19.1049786
2019-04-17T05:00:00Z,21.0576649
2019-04-21T05:00:00Z,20.6679
2019-04-25T05:00:00Z,20.7897663
2019-04-29T05:00:00Z,19.1150932
2019-05-03T05:00:00Z,21.2644157
2019-05-07T05:00:00Z,19.96515
2019-05-11T05:00:00Z,21.09324
2019-05-15T05:00:00Z,19.1878777
2019-05-19T05:00:00Z,20.913578
2019-05-23T05:00:00Z,20.7138424
2019-05-27T05:00:00Z,21.2799244
2019-05-31T05:00:00Z,20.8601646
2019-06-04T05:00:00Z,16.1552086
2019-06-08T05:00:00Z,12.9848528
2019-06-12T05:00:00Z,11.0676308
2019-06-16T05:00:00Z,10.0913057
2019-06-20T05:00:00Z,9.337329
2019-06-24T05:00:00Z,9.548737
2019-06-28T05:00:00Z,10.0391779
2019-07-02T05:00:00Z,12.6342363
2019-07-06T05:00:00Z,9.018463
2019-07-10T05:00:00Z,7.55441236
2019-07-14T05:00:00Z,5.71851826
2019-07-18T05:00:00Z,7.597385
2019-07-22T05:00:00Z,11.0860949
2019-07-26T05:00:00Z,6.49188328
2019-07-30T05:00:00Z,6.74131155
2019-08-03T05:00:00Z,5.9924655
2019-08-07T05:00:00Z,7.461836
2019-08-11T05:00:00Z,6.573604
2019-08-15T05:00:00Z,5.54228926
2019-08-19T05:00:00Z,12.2894506
2019-08-23T05:00:00Z,6.7059145
2019-08-27T05:00:00Z,5.34265947
2019-08-31T05:00:00Z,6.110309
2019-09-04T05:00:00Z,9.002756
2019-09-08T05:00:00Z,11.1529951
2019-09-12T05:00:00Z,10.0082378
2019-09-16T05:00:00Z,13.5455427
2019-09-20T05:00:00Z,7.58932257
2019-09-24T05:00:00Z,7.859891
2019-09-28T05:00:00Z,12.5153151
2019-10-02T05:00:00Z,21.4604149
2019-10-06T05:00:00Z,18.7608128
2019-10-10T05:00:00Z,15.1656466
2019-10-14T05:00:00Z,15.4242039
2019-10-18T05:00:00Z,20.4732418
2019-10-22T05:00:00Z,20.8967438
2019-10-26T05:00:00Z,18.6014233
2019-10-30T05:00:00Z,13.6066151
2019-11-03T05:00:00Z,9.997346
2019-11-07T06:00:00Z,8.1092205
2019-11-11T06:00:00Z,9.031448
2019-11-15T06:00:00Z,7.701962
2019-11-19T06:00:00Z,6.5224247
2019-11-23T06:00:00Z,8.241252
2019-11-27T06:00:00Z,8.046425
2019-12-01T06:00:00Z,8.756082
2019-12-05T06:00:00Z,9.58867
2019-12-09T06:00:00Z,8.791048
2019-12-13T06:00:00Z,8.02543449
2019-12-17T06:00:00Z,8.619797
2019-12-21T06:00:00Z,10.0288057
2019-12-25T06:00:00Z,8.597773
2019-12-29T06:00:00Z,8.060184
2020-01-02T06:00:00Z,14.5176516
2020-01-06T06:00:00Z,13.512064
2020-01-10T06:00:00Z,11.06016
2020-01-14T06:00:00Z,9.160459
2020-01-18T06:00:00Z,10.5607691
2020-01-22T06:00:00Z,10.0378485
2020-01-26T06:00:00Z,11.1582232
2020-01-30T06:00:00Z,10.3287649
2020-02-03T06:00:00Z,10.0287943
2020-02-07T06:00:00Z,9.107804
2020-02-11T06:00:00Z,8.846612
2020-02-15T06:00:00Z,8.297875
2020-02-19T06:00:00Z,9.040289
2020-02-23T06:00:00Z,7.52314
2020-02-27T06:00:00Z,7.500432
2020-03-02T06:00:00Z,7.766574
2020-03-06T06:00:00Z,7.07401276
2020-03-10T05:00:00Z,8.591082
2020-03-14T05:00:00Z,13.5216255
2020-03-18T05:00:00Z,11.9989462
2020-03-22T05:00:00Z,12.5722618
2020-03-26T05:00:00Z,13.5737219
2020-03-30T05:00:00Z,21.097414
2020-04-03T05:00:00Z,21.1952171
2020-04-07T05:00:00Z,21.1301651
2020-04-11T05:00:00Z,22.0119514
2020-04-15T05:00:00Z,20.9272118
2020-04-19T05:00:00Z,14.5908194
2020-04-23T05:00:00Z,15.0980644
2020-04-27T05:00:00Z,13.9673328
2020-05-01T05:00:00Z,21.731451
2020-05-05T05:00:00Z,19.11602
2020-05-09T05:00:00Z,10.513546
2020-05-13T05:00:00Z,8.018206
2020-05-17T05:00:00Z,8.019704
2020-05-21T05:00:00Z,7.659155
2020-05-25T05:00:00Z,6.685345
2020-05-29T05:00:00Z,11.0370235
2020-06-02T05:00:00Z,6.506102
2020-06-06T05:00:00Z,5.597575
2020-06-10T05:00:00Z,9.214388
2020-06-14T05:00:00Z,20.7007828
2020-06-18T05:00:00Z,10.3295107
2020-06-22T05:00:00Z,11.0677233
2020-06-26T05:00:00Z,8.068764
2020-06-30T05:00:00Z,13.1074381
2020-07-04T05:00:00Z,6.97463751
2020-07-08T05:00:00Z,7.229658
2020-07-12T05:00:00Z,18.22712
2020-07-16T05:00:00Z,18.1055775
2020-07-20T05:00:00Z,16.0795937
2020-07-24T05:00:00Z,11.53051
2020-07-28T05:00:00Z,20.8668365
2020-08-01T05:00:00Z,16.1059227
2020-08-05T05:00:00Z,9.52995
2020-08-09T05:00:00Z,11.1757689
2020-08-13T05:00:00Z,11.0363464
2020-08-17T05:00:00Z,11.752492
2020-08-21T05:00:00Z,7.530338
2020-08-25T05:00:00Z,11.3216238
2020-08-29T05:00:00Z,7.02095652
2020-09-02T05:00:00Z,9.570967
2020-09-06T05:00:00Z,6.992988
2020-09-10T05:00:00Z,6.49184561
2020-09-14T05:00:00Z,7.7487607
2020-09-18T05:00:00Z,6.01171541
2020-09-22T05:00:00Z,5.743859
2020-09-26T05:00:00Z,9.127146
2020-09-30T05:00:00Z,10.0123024
2020-10-04T05:00:00Z,7.90119362
2020-10-08T05:00:00Z,5.04970455
2020-10-12T05:00:00Z,4.97633743
2020-10-16T05:00:00Z,9.513632
2020-10-20T05:00:00Z,6.82020473
2020-10-24T05:00:00Z,13.06708
2020-10-28T05:00:00Z,9.783869
2020-11-01T05:00:00Z,10.056263
2020-11-05T06:00:00Z,8.51229
2020-11-09T06:00:00Z,8.596605
2020-11-13T06:00:00Z,14.0340023
2020-11-17T06:00:00Z,11.98272
2020-11-21T06:00:00Z,9.514222
2020-11-25T06:00:00Z,9.791945
2020-11-29T06:00:00Z,7.789251
2020-12-03T06:00:00Z,12.268609
2020-12-07T06:00:00Z,11.0374575
2020-12-11T06:00:00Z,11.5863476
2020-12-15T06:00:00Z,5.26900339
2020-12-19T06:00:00Z,6.06380224
2020-12-23T06:00:00Z,6.36949635
2020-12-27T06:00:00Z,6.056852
2020-12-31T06:00:00Z,5.934901
2021-01-04T06:00:00Z,6.84093
2021-01-08T06:00:00Z,5.79918337
2021-01-12T06:00:00Z,5.7602725
2021-01-16T06:00:00Z,5.97658
2021-01-20T06:00:00Z,5.50932646
2021-01-24T06:00:00Z,5.37653875
2021-01-28T06:00:00Z,5.74160147
2021-02-01T06:00:00Z,5.49442339
2021-02-05T06:00:00Z,5.63268948
2021-02-09T06:00:00Z,4.472959
2021-02-13T06:00:00Z,5.015706
2021-02-17T06:00:00Z,4.7468977
2021-02-21T06:00:00Z,4.48857641
2021-02-25T06:00:00Z,4.37395668
2021-03-01T06:00:00Z,5.317778
2021-03-05T06:00:00Z,6.560082
2021-03-09T06:00:00Z,6.011442
2021-03-13T06:00:00Z,15.8990946
2021-03-17T05:00:00Z,13.6229
2021-03-21T05:00:00Z,12.0783949
2021-03-25T05:00:00Z,15.7006035
2021-03-29T05:00:00Z,15.8497543
2021-04-02T05:00:00Z,10.0438929
2021-04-06T05:00:00Z,8.015863
2021-04-10T05:00:00Z,15.9043331
2021-04-14T05:00:00Z,15.886488
2021-04-18T05:00:00Z,15.853631
2021-04-22T05:00:00Z,13.0207415
2021-04-26T05:00:00Z,11.5752325
2021-04-30T05:00:00Z,15.8490963
2021-05-04T05:00:00Z,12.1112537
2021-05-08T05:00:00Z,10.075943
2021-05-12T05:00:00Z,8.094196
2021-05-16T05:00:00Z,5.694552
2021-05-20T05:00:00Z,5.82044744
2021-05-24T05:00:00Z,13.5063429
2021-05-28T05:00:00Z,14.5454674
2021-06-01T05:00:00Z,8.063664
2021-06-05T05:00:00Z,7.37106848
2021-06-09T05:00:00Z,6.128941
2021-06-13T05:00:00Z,11.1534872
2021-06-17T05:00:00Z,5.43875027
2021-06-21T05:00:00Z,8.124291
2021-06-25T05:00:00Z,7.991772
2021-06-29T05:00:00Z,6.603681
2021-07-03T05:00:00Z,6.10005474
2021-07-07T05:00:00Z,5.52987671
2021-07-11T05:00:00Z,5.39728165
2021-07-15T05:00:00Z,5.54718
2021-07-19T05:00:00Z,4.16903257
2021-07-23T05:00:00Z,4.9677453
2021-07-27T05:00:00Z,6.3183713
2021-07-31T05:00:00Z,11.0085754
2021-08-04T05:00:00Z,5.08311844
2021-08-08T05:00:00Z,6.28343964
2021-08-12T05:00:00Z,7.3272686
2021-08-16T05:00:00Z,4.81306553
2021-08-20T05:00:00Z,3.8662467
2021-08-24T05:00:00Z,3.28327441
2021-08-28T05:00:00Z,3.22497869
2021-09-01T05:00:00Z,3.546703
2021-09-05T05:00:00Z,3.54907417
2021-09-09T05:00:00Z,2.83762383
2021-09-13T05:00:00Z,2.349463
2021-09-17T05:00:00Z,7.53892136
2021-09-21T05:00:00Z,3.73288679
2021-09-25T05:00:00Z,4.980959
2021-09-29T05:00:00Z,4.325271
2021-10-03T05:00:00Z,4.01169872
2021-10-07T05:00:00Z,4.50442171
2021-10-11T05:00:00Z,4.18610954
2021-10-15T05:00:00Z,4.296514
2021-10-19T05:00:00Z,3.33761334
2021-10-23T05:00:00Z,7.04987526
2021-10-27T05:00:00Z,4.08357334
2021-10-31T05:00:00Z,3.9569304
2021-11-04T05:00:00Z,4.05901766
2021-11-08T06:00:00Z,3.623608
2021-11-12T06:00:00Z,10.1374035
2021-11-16T06:00:00Z,10.0347958
2021-11-20T06:00:00Z,5.074909
2021-11-24T06:00:00Z,5.070774
2021-11-28T06:00:00Z,5.29091024
2021-12-02T06:00:00Z,4.560659
2021-12-06T06:00:00Z,3.07677174
2021-12-10T06:00:00Z,4.05281544
2021-12-14T06:00:00Z,4.97515631
2021-12-18T06:00:00Z,8.733593
2021-12-22T06:00:00Z,6.09205866
2021-12-26T06:00:00Z,4.55537558
2021-12-30T06:00:00Z,5.065855
2022-01-03T06:00:00Z,5.291884
2022-01-07T06:00:00Z,5.54065037
2022-01-11T06:00:00Z,5.039547
2022-01-15T06:00:00Z,5.67747927
2022-01-19T06:00:00Z,5.50438833
2022-01-23T06:00:00Z,4.98743
2022-01-27T06:00:00Z,4.797687
2022-01-31T06:00:00Z,4.72064161
2022-02-04T06:00:00Z,4.426637
2022-02-08T06:00:00Z,4.003746
2022-02-12T06:00:00Z,3.982656
2022-02-16T06:00:00Z,4.263427
2022-02-20T06:00:00Z,4.50127935
2022-02-24T06:00:00Z,4.471786
2022-02-28T06:00:00Z,4.02268076
2022-03-04T06:00:00Z,4.763265
2022-03-08T06:00:00Z,4.55937672
2022-03-12T06:00:00Z,4.388642
2022-03-16T05:00:00Z,5.08174133
2022-03-20T05:00:00Z,6.07682
2022-03-24T05:00:00Z,17.7276478
2022-03-28T05:00:00Z,14.6395741
2022-04-01T05:00:00Z,10.5321
2022-04-05T05:00:00Z,15.1536493
2022-04-09T05:00:00Z,23.32723
2022-04-13T05:00:00Z,23.49861
2022-04-17T05:00:00Z,23.1031475
2022-04-21T05:00:00Z,22.78236
2022-04-25T05:00:00Z,23.41485
2022-04-29T05:00:00Z,21.80849
2022-05-03T05:00:00Z,23.6183052
2022-05-07T05:00:00Z,19.4175224
2022-05-11T05:00:00Z,14.3504133
2022-05-15T05:00:00Z,21.5364723
2022-05-19T05:00:00Z,11.8240633
2022-05-23T05:00:00Z,11.0640392
2022-05-27T05:00:00Z,13.60885
2022-05-31T05:00:00Z,13.6432791
2022-06-04T05:00:00Z,10.6018057
2022-06-08T05:00:00Z,8.06464
2022-06-12T05:00:00Z,5.32363033
2022-06-16T05:00:00Z,6.66675425
2022-06-20T05:00:00Z,6.077991
2022-06-24T05:00:00Z,5.470266
2022-06-28T05:00:00Z,4.791253
2022-07-02T05:00:00Z,4.579605
2022-07-06T05:00:00Z,3.669127
2022-07-10T05:00:00Z,2.92392063
2022-07-14T05:00:00Z,4.815149
2022-07-18T05:00:00Z,6.075668
2022-07-22T05:00:00Z,4.05708838
2022-07-26T05:00:00Z,3.190122
2022-07-30T05:00:00Z,2.979965
2022-08-03T05:00:00Z,8.544497
2022-08-07T05:00:00Z,3.88167667
2022-08-11T05:00:00Z,3.78995466
2022-08-15T05:00:00Z,2.78049374
2022-08-19T05:00:00Z,3.30552554
2022-08-23T05:00:00Z,2.9772675
2022-08-27T05:00:00Z,2.89072514
2022-08-31T05:00:00Z,3.96681476
2022-09-04T05:00:00Z,3.05849528
2022-09-08T05:00:00Z,2.373193
2022-09-12T05:00:00Z,3.788267
2022-09-16T05:00:00Z,2.48384213
2022-09-20T05:00:00Z,3.89866138
2022-09-24T05:00:00Z,2.80589485
2022-09-28T05:00:00Z,2.48156953
2022-10-02T05:00:00Z,1.96049321
2022-10-06T05:00:00Z,1.71447122
2022-10-10T05:00:00Z,2.07494926
2022-10-14T05:00:00Z,3.09334588
2022-10-18T05:00:00Z,2.14570332
2022-10-22T05:00:00Z,2.8371377
2022-10-26T05:00:00Z,3.664746
2022-10-30T05:00:00Z,3.98518777
2022-11-03T05:00:00Z,2.45392323
2022-11-07T06:00:00Z,6.561232
2022-11-11T06:00:00Z,9.50617
2022-11-15T06:00:00Z,7.02607346
2022-11-19T06:00:00Z,4.0251236
2022-11-23T06:00:00Z,5.032477
2022-11-27T06:00:00Z,4.83804274
2022-12-01T06:00:00Z,3.29692554
2022-12-05T06:00:00Z,3.303755
2022-12-09T06:00:00Z,3.72506356
2022-12-13T06:00:00Z,4.37915945
2022-12-17T06:00:00Z,5.418668
2022-12-21T06:00:00Z,4.96219969
2022-12-25T06:00:00Z,4.93839169
2022-12-29T06:00:00Z,5.71822071
2023-01-02T06:00:00Z,5.70262575
2023-01-06T06:00:00Z,5.459579
2023-01-10T06:00:00Z,5.438413
2023-01-14T06:00:00Z,5.487509
2023-01-18T06:00:00Z,5.85697937
2023-01-22T06:00:00Z,6.544673
2023-01-26T06:00:00Z,7.020397
2023-01-30T06:00:00Z,6.788903
2023-02-03T06:00:00Z,6.25281
2023-02-07T06:00:00Z,6.241474
2023-02-11T06:00:00Z,6.03343534
2023-02-15T06:00:00Z,6.982455
2023-02-19T06:00:00Z,7.963255
2023-02-23T06:00:00Z,7.150824
2023-02-27T06:00:00Z,7.239602
2023-03-03T06:00:00Z,7.133528
2023-03-07T06:00:00Z,6.73336
2023-03-11T06:00:00Z,6.97684431
2023-03-15T05:00:00Z,6.262271
2023-03-19T05:00:00Z,7.74096966
2023-03-23T05:00:00Z,7.14785
2023-03-27T05:00:00Z,7.56839037
2023-03-31T05:00:00Z,5.70628166
2023-04-04T05:00:00Z,10.5951719
2023-04-08T05:00:00Z,11.969717
2023-04-12T05:00:00Z,22.5698681
2023-04-16T05:00:00Z,21.4532661
2023-04-20T05:00:00Z,21.8518219
2023-04-24T05:00:00Z,21.82048
2023-04-28T05:00:00Z,23.1852417
2023-05-02T05:00:00Z,23.1665115
2023-05-06T05:00:00Z,23.3835964
2023-05-10T05:00:00Z,22.1377354
2023-05-14T05:00:00Z,17.1413956
2023-05-18T05:00:00Z,9.985646
2023-05-22T05:00:00Z,8.56203
2023-05-26T05:00:00Z,6.612913
2023-05-30T05:00:00Z,6.110731
2023-06-03T05:00:00Z,5.91203928
2023-06-07T05:00:00Z,4.90042353
2023-06-11T05:00:00Z,4.314622
2023-06-15T05:00:00Z,3.599349
2023-06-19T05:00:00Z,3.74916959
2023-06-23T05:00:00Z,3.31254387
2023-06-27T05:00:00Z,4.979935
2023-07-01T05:00:00Z,4.00380564
2023-07-05T05:00:00Z,3.74503136
2023-07-09T05:00:00Z,3.603431
2023-07-13T05:00:00Z,3.53344655
2023-07-17T05:00:00Z,3.7526505
2023-07-21T05:00:00Z,3.34875035
2023-07-25T05:00:00Z,3.362374
2023-07-29T05:00:00Z,4.662177
2023-08-02T05:00:00Z,2.95415163
2023-08-06T05:00:00Z,3.01369929
2023-08-10T05:00:00Z,2.70591617
2023-08-14T05:00:00Z,3.47098327
2023-08-18T05:00:00Z,4.57428265
2023-08-22T05:00:00Z,3.096027
2023-08-26T05:00:00Z,2.304942
2023-08-30T05:00:00Z,3.09503341
2023-09-03T05:00:00Z,2.15938067
2023-09-07T05:00:00Z,2.169376
2023-09-11T05:00:00Z,2.59147382
2023-09-15T05:00:00Z,2.20038915
2023-09-19T05:00:00Z,2.24193144
2023-09-23T05:00:00Z,1.876976
2023-09-27T05:00:00Z,3.62948227
2023-10-01T05:00:00Z,7.51354074
2023-10-05T05:00:00Z,4.469903
2023-10-09T05:00:00Z,3.55987859
2023-10-13T05:00:00Z,3.04098344
2023-10-17T05:00:00Z,4.7747736
2023-10-21T05:00:00Z,3.87719846
2023-10-25T05:00:00Z,4.5711174
2023-10-29T05:00:00Z,11.0020676
2023-11-02T05:00:00Z,6.256778
2023-11-06T06:00:00Z,5.30444145
2023-11-10T06:00:00Z,6.77373457
2023-11-14T06:00:00Z,5.851181
2023-11-18T06:00:00Z,5.42422438
2023-11-22T06:00:00Z,6.06765366
2023-11-26T06:00:00Z,5.41501951
2023-11-30T06:00:00Z,3.59413838
2023-12-04T06:00:00Z,6.20012665
2023-12-08T06:00:00Z,4.45332241
2023-12-12T06:00:00Z,4.11691332
2023-12-16T06:00:00Z,5.86471558
2023-12-20T06:00:00Z,3.63721919
2023-12-24T06:00:00Z,5.687727
2023-12-28T06:00:00Z,9.058711
2024-01-01T06:00:00Z,6.925657
2024-01-05T06:00:00Z,5.30318737
2024-01-09T06:00:00Z,5.50757
2024-01-13T06:00:00Z,3.216427
2024-01-17T06:00:00Z,3.86098123
2024-01-21T06:00:00Z,4.50437832
2024-01-25T06:00:00Z,5.55736542
2024-01-29T06:00:00Z,4.761398
2024-02-02T06:00:00Z,5.09014273
2024-02-06T06:00:00Z,4.79026
2024-02-10T06:00:00Z,6.03048754
2024-02-14T06:00:00Z,5.06137228
2024-02-18T06:00:00Z,3.73979974
2024-02-22T06:00:00Z,4.83480167
2024-02-26T06:00:00Z,4.82760048
2024-03-01T06:00:00Z,3.08215928
2024-03-05T06:00:00Z,4.06650972
2024-03-09T06:00:00Z,3.03968549
2024-03-13T05:00:00Z,2.27374887
2024-03-17T05:00:00Z,2.384887
2024-03-21T05:00:00Z,2.37255049
2024-03-25T05:00:00Z,2.441633
2024-03-29T05:00:00Z,6.089221
2024-04-02T05:00:00Z,7.569736
2024-04-06T05:00:00Z,6.894133
2024-04-10T05:00:00Z,11.1731
2024-04-14T05:00:00Z,9.127406
2024-04-18T05:00:00Z,11.82045
2024-04-22T05:00:00Z,8.558758
2024-04-26T05:00:00Z,6.802161
2024-04-30T05:00:00Z,7.804731
2024-05-04T05:00:00Z,15.102664
2024-05-08T05:00:00Z,9.87757
2024-05-12T05:00:00Z,8.117919
2024-05-16T05:00:00Z,4.943126
2024-05-20T05:00:00Z,8.09406948
2024-05-24T05:00:00Z,23.5801449
2024-05-28T05:00:00Z,9.984
2024-06-01T05:00:00Z,7.37907028
2024-06-05T05:00:00Z,22.41699
2024-06-09T05:00:00Z,22.7646885
2024-06-13T05:00:00Z,13.5904217
2024-06-17T05:00:00Z,23.2897358
2024-06-21T05:00:00Z,23.4799614
2024-06-25T05:00:00Z,15.638236
2024-06-29T05:00:00Z,21.71711
2024-07-03T05:00:00Z,12.1669893
2024-07-07T05:00:00Z,17.0878773
2024-07-11T05:00:00Z,13.1619473
2024-07-15T05:00:00Z,10.6369429
2024-07-19T05:00:00Z,9.0690155
2024-07-23T05:00:00Z,7.536074
2024-07-27T05:00:00Z,8.063912
2024-07-31T05:00:00Z,6.048618
2024-08-04T05:00:00Z,7.05888176
2024-08-08T05:00:00Z,6.99946451
2024-08-12T05:00:00Z,5.23826361
2024-08-16T05:00:00Z,5.050921
2024-08-20T05:00:00Z,6.036937
2024-08-24T05:00:00Z,4.66282368
2024-08-28T05:00:00Z,5.586862
2024-09-01T05:00:00Z,6.08759165
2024-09-05T05:00:00Z,5.03365231
2024-09-09T05:00:00Z,5.88795757
2024-09-13T05:00:00Z,4.773211
2024-09-17T05:00:00Z,4.568517
2024-09-21T05:00:00Z,3.547833
2024-09-25T05:00:00Z,2.941367
2024-09-29T05:00:00Z,2.78876543
2024-10-03T05:00:00Z,2.46081924
2024-10-07T05:00:00Z,2.223286
2024-10-11T05:00:00Z,2.25823879
2024-10-15T05:00:00Z,2.74141812
2024-10-19T05:00:00Z,2.54558873
2024-10-23T05:00:00Z,2.80305457
2024-10-27T05:00:00Z,2.7591486
2024-10-31T05:00:00Z,2.823743
2024-11-04T06:00:00Z,5.0048275
2024-11-08T06:00:00Z,6.137173
2024-11-12T06:00:00Z,5.07570648
2024-11-16T06:00:00Z,3.488381
2024-11-20T06:00:00Z,4.58796549
2024-11-24T06:00:00Z,5.900796
2024-11-28T06:00:00Z,4.86261225
2024-12-02T06:00:00Z,2.72912
2024-12-06T06:00:00Z,3.23723722
2024-12-10T06:00:00Z,4.31565857
2024-12-14T06:00:00Z,2.74544835
2024-12-18T06:00:00Z,4.02745438
2024-12-22T06:00:00Z,2.82581687
2024-12-26T06:00:00Z,4.26344633
2024-12-30T06:00:00Z,7.16200447
2025-01-03T06:00:00Z,5.302543
2025-01-07T06:00:00Z,4.25260448
2025-01-11T06:00:00Z,4.00188446
2025-01-15T06:00:00Z,3.95771527
2025-01-19T06:00:00Z,4.540673
2025-01-23T06:00:00Z,2.98414946
2025-01-27T06:00:00Z,3.636755
2025-01-31T06:00:00Z,3.86512113
2025-02-04T06:00:00Z,3.55067277
2025-02-08T06:00:00Z,3.57206345
2025-02-12T06:00:00Z,3.50207138
2025-02-16T06:00:00Z,3.78155518
2025-02-20T06:00:00Z,3.60524535
2025-02-24T06:00:00Z,3.61567
2025-02-28T06:00:00Z,4.37180376
2025-03-04T06:00:00Z,3.80334449
2025-03-08T06:00:00Z,4.457405
2025-03-12T05:00:00Z,5.9738965
2025-03-16T05:00:00Z,12.150857
2025-03-20T05:00:00Z,9.078891
2025-03-24T05:00:00Z,6.320539
2025-03-28T05:00:00Z,5.25994873
2025-04-01T05:00:00Z,10.6559191
2025-04-05T05:00:00Z,12.122592
2025-04-09T05:00:00Z,10.516427
2025-04-13T05:00:00Z,7.82046032
2025-04-17T05:00:00Z,11.4903708
2025-04-21T05:00:00Z,11.47739
2025-04-25T05:00:00Z,23.0756016
2025-04-29T05:00:00Z,23.5743389
2025-05-03T05:00:00Z,17.6953831
2025-05-07T05:00:00Z,12.0674744
2025-05-11T05:00:00Z,8.714499
2025-05-15T05:00:00Z,5.7436223
2025-05-19T05:00:00Z,6.62137651
2025-05-23T05:00:00Z,5.070918
2025-05-27T05:00:00Z,4.253604
2025-05-31T05:00:00Z,3.79582715
2025-06-04T05:00:00Z,3.97222638
2025-06-08T05:00:00Z,3.70785713
2025-06-12T05:00:00Z,5.178194
2025-06-16T05:00:00Z,12.4772463
2025-06-20T05:00:00Z,5.54218626
2025-06-24T05:00:00Z,8.930273
2025-06-28T05:00:00Z,15.5198679
2025-07-02T05:00:00Z,15.8995857
2025-07-06T05:00:00Z,14.0989046
2025-07-10T05:00:00Z,8.141505
2025-07-14T05:00:00Z,5.547828
2025-07-18T05:00:00Z,7.02348375
2025-07-22T05:00:00Z,6.048098
2025-07-26T05:00:00Z,8.541867
2025-07-30T05:00:00Z,5.96677256
2025-08-03T05:00:00Z,3.59174466
2025-08-07T05:00:00Z,3.599317
2025-08-11T05:00:00Z,3.18759561
2025-08-15T05:00:00Z,2.802113
2025-08-19T05:00:00Z,5.76633739
2025-08-23T05:00:00Z,3.10317278
2025-08-27T05:00:00Z,3.596203
2025-08-31T05:00:00Z,3.07991219
2025-09-04T05:00:00Z,3.1136806
2025-09-08T05:00:00Z,4.644328
2025-09-12T05:00:00Z,5.235928
2025-09-16T05:00:00Z,4.59232855
2025-09-20T05:00:00Z,3.546132
2025-09-24T05:00:00Z,4.489224
2025-09-28T05:00:00Z,4.01991463
2025-10-02T05:00:00Z,3.79968715
2025-10-06T05:00:00Z,2.48941875
2025-10-10T05:00:00Z,2.62044978
2025-10-14T05:00:00Z,2.189145
2025-10-18T05:00:00Z,2.73360014
2025-10-22T05:00:00Z,2.522296
2025-10-26T05:00:00Z,3.50323367
2025-10-30T05:00:00Z,2.68928242
2025-11-03T06:00:00Z,2.52828526
2025-11-07T06:00:00Z,2.9817996
2025-11-11T06:00:00Z,2.45521331
2025-11-15T06:00:00Z,2.69199657
2025-11-19T06:00:00Z,2.47542214
2025-11-23T06:00:00Z,2.5877018
2025-11-27T06:00:00Z,4.377107
2025-12-01T06:00:00Z,2.25929928
2025-12-05T06:00:00Z,2.13061357
2025-12-09T06:00:00Z,3.063591
2025-12-13T06:00:00Z,3.54556441
2025-12-17T06:00:00Z,3.25313354
2025-12-21T06:00:00Z,3.51029587
2025-12-25T06:00:00Z,2.991134
2025-12-29T06:00:00Z,3.98244834
2026-01-02T06:00:00Z,3.725524
2026-01-06T06:00:00Z,4.68600225
2026-01-10T06:00:00Z,5.20504141
2026-01-14T06:00:00Z,4.494213
2026-01-18T06:00:00Z,4.708983
2026-01-22T06:00:00Z,3.75522375
2026-01-26T06:00:00Z,4.079872
2026-01-30T06:00:00Z,4.743672
2026-02-03T06:00:00Z,4.763018
2026-02-07T06:00:00Z,4.75830269
2026-02-11T06:00:00Z,3.76704931
2026-02-15T06:00:00Z,3.90190458
2026-02-19T06:00:00Z,5.083493
2026-02-23T06:00:00Z,4.97568035
2026-02-27T06:00:00Z,4.36212873
2026-03-03T06:00:00Z,4.43458128
2026-03-07T06:00:00Z,5.573139
2026-03-11T05:00:00Z,12.5571795
2026-03-15T05:00:00Z,8.582419
2026-03-19T05:00:00Z,6.790813
2026-03-23T05:00:00Z,15.4387417
2026-03-27T05:00:00Z,15.136858
2026-03-31T05:00:00Z,11.1986189
2026-04-04T05:00:00Z,12.71043
2026-04-08T05:00:00Z,16.0488071
2026-04-12T05:00:00Z,11.4694271
2026-04-16T05:00:00Z,23.4208584
2026-04-20T05:00:00Z,22.0183411
2026-04-24T05:00:00Z,23.7088737
2026-04-28T05:00:00Z,23.383194
2026-05-02T05:00:00Z,22.0340748
2026-05-06T05:00:00Z,11.584918
2026-05-10T05:00:00Z,8.580829
2026-05-14T05:00:00Z,8.053447
2026-05-18T05:00:00Z,5.57734442
2026-05-22T05:00:00Z,8.45433
2026-05-26T05:00:00Z,5.959796
2026-05-30T05:00:00Z,5.507237
2026-06-03T05:00:00Z,4.518074
2026-06-07T05:00:00Z,4.555857
2026-06-11T05:00:00Z,6.02549
2026-06-15T05:00:00Z,4.64448
2026-06-19T05:00:00Z,6.01678
2026-06-23T05:00:00Z,4.572586
2026-06-27T05:00:00Z,5.27844238
2026-07-01T05:00:00Z,3.46665835
2026-07-05T05:00:00Z,3.0361228
2026-07-09T05:00:00Z,5.06279039
2026-07-13T05:00:00Z,3.89686751
2026-07-17T05:00:00Z,2.52001786
2026-07-21T05:00:00Z,2.57027078
2026-07-25T05:00:00Z,2.269873
2026-07-29T05:00:00Z,2.0893662
